index,Timestamp,gender,star_sign,phone_os,height,weight,sleepiness,iq,fb_friends,yt,self_intro
0,2017-07-04 13:47:57.495,2.0,處女座,Apple,154.0,43.0,2.0,180.0,583.0,0,Beautiful 
1,2017-07-04 13:48:25.645,2.0,處女座,Apple,156.0,47.0,2.0,130.0,400.0,3.5,Enjoying being who I'm not
2,2017-07-04 13:49:15.348,1.0,射手座,Android,170.0,61.0,3.0,90.0,540.0,5,Practice Makes perfect 
3,2017-07-04 13:49:15.792,1.0,射手座,Apple,170.0,62.0,4.0,100.0,173.0,5,Straightforward 
4,2017-07-04 13:54:39.330,2.0,射手座,Android,158.0,67.0,3.0,128.0,320.0,1.2,Humorous 
5,2017-07-04 13:55:03.970,2.0,摩羯座,Android,158.0,50.0,3.0,,903.0,2,I am cute
6,2017-07-04 13:56:09.673,1.0,天秤座,Android,165.0,50.0,4.0,115.0,209.0,9.59,Homo sapiens
7,2017-07-04 13:56:28.156,2.0,雙子座,Android,170.0,57.0,4.0,100.0,1200.0,,Um..Haha 
8,2017-07-04 13:57:01.378,2.0,射手座,Android,168.0,52.0,2.0,,580.0,5.34,I am quite.
9,2017-07-04 14:00:18.759,2.0,牡羊座,Apple,165.0,55.0,5.0,130.0,542.0,2,Beautiful 
10,2017-07-04 14:01:47.167,2.0,天秤座,Android,164.0,52.0,3.0,180.0,300.0,1,Beautiful and smart
11,2017-07-04 14:03:15.421,2.0,處女座,Android,168.0,55.0,2.0,180.0,300.0,0.87,Beautiful and smart
12,2017-07-04 14:25:13.008,2.0,雙魚座,Apple,163.0,60.0,3.0,200.0,160.0,64,Brilliant 
13,2017-07-04 14:27:59.575,1.0,水瓶座,Android,168.0,53.0,4.0,100.0,300.0,2.5,Work hard play hard
14,2017-07-04 14:28:39.486,2.0,雙子座,Apple,163.0,52.0,5.0,98.0,1200.0,2,Q
15,2017-11-03 10:31:45.474,1.0,金牛座,Android,175.0,75.0,5.0,50.0,200.0,1,"I am so handsome
"
16,2017-11-03 10:32:10.790,1.0,射手座,Android,169.0,75.0,1.0,90.0,0.0,41,I just wanna run.
17,2017-11-03 10:32:11.140,1.0,射手座,Android,169.0,75.0,1.0,90.0,0.0,41,I just wanna run.
18,2017-11-03 10:36:09.004,1.0,摩羯座,Android,180.0,60.0,3.0,120.0,404.0,0.37,Surprising
19,2017-11-03 10:37:22.324,1.0,摩羯座,Apple,170.0,55.0,1.0,199.0,611.0,0,Very lazy
20,2017-11-03 10:42:57.872,1.0,摩羯座,Apple,162.0,43.0,5.0,180.0,6666.0,87,handsome
21,2017-11-03 10:43:04.754,1.0,摩羯座,Apple,100.0,180.0,5.0,100.0,50.0,10,Fake
22,2017-11-03 10:43:12.821,1.0,金牛座,Android,175.0,75.0,5.0,87.0,9487.0,87,I am fine thank u
23,2017-11-03 10:43:18.350,2.0,水瓶座,Apple,163.0,48.0,2.0,87.0,250.0,4,tired
24,2017-11-03 10:43:18.683,2.0,水瓶座,Apple,163.0,48.0,2.0,87.0,250.0,4,tired
25,2017-11-03 10:43:39.881,1.0,水瓶座,Android,165.0,47.0,2.0,105.0,800.0,3,Be happy
26,2017-11-03 10:43:46.589,1.0,摩羯座,Android,169.0,73.0,5.0,105.0,67.0,1.7,Lazy
27,2017-11-03 10:44:03.774,1.0,巨蟹座,Apple,175.0,80.0,4.0,120.0,500.0,0.187,Hi
28,2017-11-03 10:44:03.950,1.0,處女座,Apple,175.0,50.0,5.0,100.0,469.0,10,I am fakes' fans
29,2017-11-03 10:44:39.207,1.0,雙子座,Apple,173.0,74.0,1.0,180.0,600.0,5,Hi
30,2017-11-03 10:44:47.285,1.0,天秤座,Android,167.0,48.0,4.0,51.0,638.0,1,Go big or go home
31,2017-11-03 10:45:06.649,1.0,牡羊座,Apple,172.0,60.0,2.0,150.0,500.0,20,Cool
32,2017-11-03 10:45:17.426,1.0,雙魚座,Android,172.0,80.0,3.0,120.0,50.0,0,interesting
33,2017-11-03 10:45:20.755,1.0,天秤座,Android,172.0,58.0,4.0,200.0,200.0,200,Boring 
34,2017-11-03 10:45:36.385,1.0,雙魚座,Apple,170.0,70.0,1.0,180.0,1700.0,13.1,Karma
35,2017-11-03 10:45:44.581,1.0,水瓶座,Android,174.0,65.0,2.0,87.0,399.0,3.7,handsome
36,2017-11-03 10:45:44.758,1.0,巨蟹座,Android,172.0,62.0,5.0,99.0,300.0,0.1,Good
37,2017-11-03 10:45:53.979,1.0,金牛座,Apple,163.0,65.0,2.0,100.0,323.0,2,i‘m lazy.
38,2017-11-03 10:46:05.017,2.0,摩羯座,Android,166.0,55.0,5.0,180.0,594.0,16.29,Good at listen to other
39,2017-11-03 10:46:12.926,1.0,雙子座,Android,170.0,80.0,3.0,50.0,0.0,2.37,crazy
40,2017-11-03 10:46:33.822,1.0,獅子座,Apple,177.0,55.0,3.0,140.0,814.0,50,Shy and preserved
41,2017-11-03 10:47:11.164,1.0,摩羯座,Apple,175.0,60.0,4.0,87.0,333.0,9.8,不要
42,2017-11-03 10:47:40.000,1.0,天蠍座,Android,180.0,65.0,2.0,111.0,456.0,11.45,I am kind
43,2017-11-03 10:49:40.152,2.0,雙子座,Android,160.0,64.0,3.0,95.0,287.0,0.2,A girl.
44,2017-11-03 10:51:00.873,1.0,摩羯座,Android,168.0,57.0,4.0,100.0,223.0,0.082,despair
45,2017-11-03 10:55:34.152,1.0,處女座,Apple,206.0,66.0,5.0,166.0,666666666.0,66.666,sixable
46,2017-11-03 14:10:30.948,1.0,巨蟹座,Apple,181.0,120.0,1.0,120.0,1.0,100,Awesome
47,2017-12-02 13:35:10.348,1.0,雙魚座,Apple,125.0,125.0,3.0,87.0,0.0,0,Ah
48,2017-12-02 13:35:30.759,1.0,處女座,Android,185.0,200.0,3.0,87.0,78.0,3000,I have a pen
49,2017-12-02 13:35:31.692,1.0,天蠍座,Android,167.0,60.0,5.0,120.0,100.0,1,Good
50,2017-12-02 13:35:38.513,2.0,牡羊座,Android,179.0,70.0,3.0,88.0,120.0,0.3,Show me the money!
51,2017-12-02 13:35:39.910,1.0,雙魚座,Apple,171.0,85.0,4.0,120.0,300.0,2,handsome
52,2017-12-02 13:35:59.136,1.0,雙魚座,Android,183.0,80.0,3.0,180.0,1000.0,20,smart and handson
53,2017-12-02 13:36:08.064,1.0,天秤座,Apple,172.0,73.0,1.0,200.0,100.0,50,lol
54,2017-12-02 13:36:21.857,2.0,處女座,Apple,162.0,45.0,3.0,150.0,800.0,4,Fintech
55,2017-12-02 13:36:32.214,1.0,天秤座,Android,178.0,67.0,3.0,125.0,600.0,0.5,Happy
56,2017-12-02 13:36:34.860,1.0,獅子座,Android,180.0,83.0,3.0,110.0,50.0,1,try everything
57,2017-12-02 13:36:37.316,1.0,射手座,Android,175.0,70.0,4.0,111.0,1.0,20,"Luke, I am Your Father"
58,2017-12-02 13:36:44.232,2.0,雙魚座,Apple,155.0,53.0,5.0,100.0,300.0,1,BlingBling
59,2017-12-02 13:36:45.428,1.0,獅子座,Android,180.0,75.0,2.0,150.0,500.0,5,I'm boring man.
60,2017-12-02 13:36:46.154,1.0,處女座,Apple,170.0,65.0,4.0,87.0,200.0,10,prefect
61,2017-12-02 13:36:49.553,1.0,摩羯座,Apple,164.0,71.0,1.0,95.0,150.0,20,I love fishing.
62,2017-12-02 13:37:02.081,1.0,處女座,Apple,170.0,60.0,4.0,120.0,650.0,5,nice.
63,2017-12-02 13:37:02.425,2.0,射手座,Apple,160.0,50.0,5.0,88.0,536.0,10,Marginalized
64,2017-12-02 13:37:02.983,2.0,天秤座,Apple,156.0,48.0,2.0,180.0,100.0,2,Open mind 
65,2017-12-02 13:37:03.373,1.0,獅子座,Android,170.0,74.0,3.0,99.0,99.0,10,busy
66,2017-12-02 13:37:10.328,1.0,金牛座,Apple,168.0,73.0,2.0,180.0,150.0,8,Young
67,2017-12-02 13:37:22.091,1.0,雙子座,Apple,172.0,75.0,3.0,111.0,20.0,1,I am a happy man.
68,2017-12-02 13:37:37.556,1.0,天秤座,Android,170.0,70.0,4.0,188.0,500.0,1000,Simple
69,2017-12-02 13:37:39.531,1.0,雙魚座,Apple,173.0,70.0,5.0,100.0,200.0,0,IMMGT
70,2017-12-02 13:37:44.760,1.0,牡羊座,Apple,175.0,82.0,2.0,90.0,300.0,0.2,I'm so cute
71,2017-12-02 13:37:47.996,1.0,處女座,Apple,173.0,63.0,4.0,160.0,430.0,6,Humorous person
72,2017-12-02 13:37:48.080,1.0,處女座,Apple,173.0,63.0,4.0,160.0,430.0,6,Humorous person
73,2017-12-02 13:37:52.853,1.0,天秤座,Apple,182.0,75.0,1.0,120.0,20.0,0,hello world
74,2017-12-02 13:38:35.232,2.0,天秤座,Android,160.0,50.0,2.0,100.0,50.0,3,I am a nervous person.
75,2017-12-02 13:38:45.277,2.0,巨蟹座,Android,160.0,45.0,3.0,145.0,138.0,4,Old
76,2017-12-02 13:39:13.580,2.0,雙子座,Android,161.0,80.0,2.0,110.0,150.0,3,Happy
77,2017-12-02 13:39:52.749,1.0,巨蟹座,Apple,169.0,65.0,4.0,87.0,987.0,887,I am 87
78,,,,,,,,,,,
79,2017-12-20 10:02:55.091,1.0,金牛座,Apple,184.0,68.0,4.0,187.0,8787.0,87.87,Fuck you
80,2017-12-20 10:03:05.523,2.0,雙魚座,Apple,165.0,47.0,3.0,110.0,899.0,2,I am a good people
81,2017-12-20 10:03:10.598,1.0,牡羊座,Android,162.0,50.0,2.0,140.0,1234.0,0.5,帥
82,2017-12-20 10:03:14.626,1.0,處女座,Apple,176.0,74.0,5.0,200.0,1300000000.0,2,Cool dude
83,2017-12-20 10:03:23.536,2.0,巨蟹座,Android,155.0,50.0,4.0,180.0,300.0,0,Human.
84,2017-12-20 10:03:26.549,1.0,處女座,Android,123.0,123.0,3.0,123.0,123.0,123,一句話
85,2017-12-20 10:03:32.066,1.0,水瓶座,Android,178.0,68.0,5.0,120.0,1100.0,0.1,Gentle
86,2017-12-20 10:03:40.258,1.0,雙魚座,Apple,176.0,64.0,4.0,100.0,120.0,5,I am otaku
87,2017-12-20 10:03:47.659,1.0,處女座,Apple,178.0,55.0,4.0,50.0,0.0,100,Dank
88,2017-12-20 10:04:04.460,1.0,牡羊座,Android,169.87,55.87,1.0,133.0,222.0,1000000000,viewer
89,2017-12-20 10:04:05.552,1.0,射手座,Android,170.0,65.0,2.0,124.0,150.0,1,Brilliant 
90,2017-12-20 10:04:15.054,1.0,天秤座,Apple,174.0,83.0,3.0,148.0,1915.0,20.7,Incredible
91,2017-12-20 10:04:17.882,1.0,巨蟹座,Android,172.0,68.0,3.0,140.0,530.0,0.2,GGININDER
92,2017-12-20 10:04:20.671,1.0,射手座,Apple,172.0,66.0,3.0,187.0,888.0,32,Family 
93,2017-12-20 10:04:21.326,2.0,巨蟹座,Apple,158.0,60.0,2.0,135.0,600.0,1,Brilliant
94,2017-12-20 10:04:27.433,1.0,雙魚座,Apple,168.0,50.0,5.0,130.0,400.0,200,A man likes to dream.
95,2017-12-20 10:04:28.736,1.0,摩羯座,Apple,176.0,63.0,2.0,100.0,800.0,1,Cool
96,2017-12-20 10:04:31.014,1.0,處女座,Apple,178.0,87.0,4.0,180.0,512.0,0.87,"I'm a super cool rapper, yo."
97,2017-12-20 10:04:42.189,1.0,雙子座,Android,166.0,55.0,4.0,110.0,866.0,2,special
98,2017-12-20 10:04:44.431,1.0,雙魚座,Apple,176.0,58.0,4.0,88.0,400.0,0.01,Work hard
99,2017-12-20 10:04:50.763,1.0,牡羊座,Android,173.0,69.0,4.0,120.0,280.0,2,I am geek.
100,2017-12-20 10:04:53.364,1.0,獅子座,Apple,168.0,70.0,4.0,120.0,400.0,0.3,Show me what you got?
101,2017-12-20 10:04:56.163,1.0,水瓶座,Android,175.0,61.0,3.0,87.0,1031.0,2,Amazing
102,2017-12-20 10:05:09.440,1.0,獅子座,Apple,165.0,62.0,3.0,87.0,300.0,0.87,Nihilisim
103,2017-12-20 10:05:09.449,1.0,獅子座,Apple,165.0,62.0,3.0,87.0,300.0,0.87,Nihilisim
104,2017-12-20 10:05:31.695,1.0,天秤座,Android,176.0,60.0,3.0,100.0,500.0,0,Very handsome.
105,2017-12-20 10:05:33.331,2.0,射手座,Apple,168.0,42.0,4.0,120.0,800.0,4.1,Never say never
106,2017-12-20 10:05:39.117,1.0,水瓶座,Android,170.0,49.0,1.0,122.0,1029.0,9,?
107,2017-12-20 10:05:57.976,1.0,雙子座,Android,172.0,58.0,3.0,88.0,600.0,0.2,Curious
108,2017-12-20 10:06:16.653,1.0,獅子座,Apple,182.0,68.0,5.0,145.0,500.0,20,I am intelligent.
109,2017-12-20 10:06:18.646,1.0,天秤座,Android,176.0,72.0,5.0,120.0,250.0,0.5,I'm so handsome.
110,2017-12-20 10:06:49.319,2.0,天秤座,Android,155.0,47.0,3.0,124.0,280.0,0.5,Kind
111,2017-12-20 10:07:13.682,1.0,處女座,Android,174.0,86.0,5.0,100.0,5.0,0.1,You don't have a beauty without a beat.
112,2017-12-20 10:08:46.878,1.0,雙子座,Android,160.0,55.0,1.0,100.0,20.0,2,Clever but no perseverance.
113,2017-12-20 10:09:44.990,1.0,巨蟹座,Apple,165.0,68.0,4.0,120.0,250.0,1.1,Intelligent 
114,2017-12-20 10:16:23.564,1.0,牡羊座,Apple,175.0,7.0,5.0,100.0,1000.0,0.06,I’m handsome
115,2017-12-20 10:26:24.774,1.0,雙魚座,Android,175.0,62.0,4.0,110.0,262.0,0.12,Patient and careful
116,2017-12-20 10:30:47.704,1.0,天秤座,Android,178.0,61.0,2.0,87.0,200.0,3.5,Hellow world
117,2017-12-20 10:31:17.259,2.0,金牛座,Android,152.7,40.0,4.0,100.0,877.0,0.65,Trying to live a better life!
118,2017-12-20 10:34:30.251,1.0,天秤座,Apple,174.0,72.0,4.0,150.0,600.0,2,"Stay hungry, stay foolish"
119,2017-12-20 10:35:59.790,1.0,水瓶座,Android,1000000000.0,2000000000.0,1.0,122.0,3000000000.0,4000000000,.
120,2017-12-20 10:38:41.205,1.0,天秤座,Apple,183.9,59.0,3.0,180.0,3.0,333,Six six six 
121,2017-12-20 10:38:44.705,1.0,雙魚座,Apple,1e+111,1e+111,1.0,122.0,1e+255,9e9999999999,.
122,2017-12-21 10:09:52.794,1.0,巨蟹座,Apple,190.0,99.0,1.0,50.0,2.0,5000,God Damon looser
123,2017-12-21 10:10:11.030,1.0,獅子座,Apple,165.0,80.0,2.0,130.0,400.0,0.5,123
124,2017-12-21 10:10:30.758,1.0,雙魚座,Android,172.0,66.0,5.0,180.0,100.0,5,smart
125,2017-12-21 10:10:38.982,1.0,摩羯座,Apple,172.0,71.0,3.0,100.0,80.0,3,Hello World
126,2017-12-21 10:10:47.620,1.0,雙魚座,Apple,181.0,70.0,5.0,200.0,100.0,50,I don’t know
127,2017-12-21 10:10:49.774,1.0,雙魚座,Android,173.0,60.0,5.0,130.0,300.0,1,Hungry
128,2017-12-21 10:10:53.724,1.0,天秤座,Apple,171.0,73.0,2.0,180.0,400.0,2,Handsome 
129,2017-12-21 10:10:56.009,1.0,天蠍座,Android,167.0,63.0,5.0,145.0,1737.0,1,Excellent 
130,2017-12-21 10:11:13.034,2.0,雙子座,Apple,155.0,48.0,3.0,133.0,1100.0,5,Hello world
131,2017-12-21 10:11:13.472,1.0,天秤座,Apple,173.0,73.0,3.0,50.0,5.0,0.5,Oh
132,2017-12-21 10:11:13.855,2.0,處女座,Apple,160.0,55.0,5.0,146.0,500.0,8.2,"I'm a common girl, just like others."
133,2017-12-21 10:11:14.298,1.0,天蠍座,Android,168.0,63.0,2.0,80.0,328.0,2,Fat man
134,2017-12-21 10:11:17.465,2.0,獅子座,Apple,168.0,49.0,1.0,87.0,2000.0,99999,Hi
135,2017-12-21 10:11:25.623,1.0,水瓶座,Android,167.0,53.0,4.0,80.0,300.0,5,humorous
136,2017-12-21 10:11:25.836,2.0,巨蟹座,Android,157.0,70.0,4.0,122.0,350.0,0.79,I don't want to be defined.
137,2017-12-21 10:11:28.928,2.0,獅子座,Apple,168.0,49.0,1.0,87.0,2000.0,99999,Hi
138,2017-12-21 10:11:45.462,1.0,摩羯座,Apple,172.0,71.0,3.0,100.0,80.0,3,Hello World
139,2017-12-21 10:11:56.339,1.0,雙魚座,Apple,179.0,73.0,4.0,101.0,400.0,15,Cool
140,2017-12-21 10:11:59.987,1.0,水瓶座,Android,173.0,68.0,5.0,200.0,256.0,8,QAQ
141,2017-12-21 10:12:05.657,1.0,雙魚座,Android,180.0,66.0,4.0,180.0,10.0,1,Smart
142,2017-12-21 10:12:06.732,2.0,獅子座,Apple,155.0,48.0,4.0,100.0,700.0,5,I am who I am 
143,2017-12-21 10:12:19.422,1.0,巨蟹座,Android,179.0,86.0,4.0,135.0,351.0,0.00015,peace
144,2017-12-21 10:12:19.679,1.0,雙魚座,Android,185.0,85.0,4.0,90.0,100.0,10,Zzzz
145,2017-12-21 10:12:34.267,1.0,巨蟹座,Android,180.0,66.0,2.0,180.0,0.0,0,123
146,2017-12-21 10:12:38.939,1.0,摩羯座,Apple,178.0,63.0,4.0,130.0,200.0,4,Less is more
147,2017-12-21 10:12:47.977,1.0,雙魚座,Android,180.0,66.0,4.0,180.0,10.0,1,Smart
148,2017-12-21 10:12:52.127,2.0,摩羯座,Android,161.0,50.0,2.0,120.0,150.0,0.5,Beautiful
149,2017-12-21 10:13:01.786,1.0,金牛座,Android,164.0,66.0,2.0,115.0,623.0,1,Always smile
150,2017-12-21 10:13:05.428,1.0,巨蟹座,Apple,180.0,70.0,4.0,100.0,100.0,100,Hello
151,2017-12-21 10:13:11.331,1.0,天蠍座,Apple,200.0,100.0,1.0,200.0,10000.0,64,GOAT
152,2017-12-21 10:13:11.902,2.0,雙子座,Android,154.0,46.0,5.0,120.0,70.0,0.01,Optimistic
153,2017-12-21 10:13:24.213,1.0,天蠍座,Apple,175.0,66.0,3.0,110.0,560.0,1,Good
154,2017-12-21 10:13:25.721,1.0,巨蟹座,Android,172.0,70.0,3.0,150.0,1212.0,1,XD
155,2017-12-21 10:13:26.692,1.0,獅子座,Apple,170.0,63.0,2.0,144.0,629.0,1.4,a genius of computer science 
156,2017-12-21 10:13:27.490,1.0,天秤座,Android,174.0,67.0,3.0,97.0,30.0,1,宅
157,2017-12-21 10:13:28.744,1.0,摩羯座,Android,167.0,47.0,2.0,87.0,87.0,0,Sleep
158,2017-12-21 10:13:35.657,1.0,雙子座,Android,165.0,57.0,5.0,180.0,599.0,0.3,OAO
159,2017-12-21 10:13:38.338,2.0,摩羯座,Apple,162.0,54.0,4.0,110.0,265.0,1,Nice
160,2017-12-21 10:13:40.133,1.0,巨蟹座,Android,170.0,55.0,3.0,51.0,0.0,6.77,hopeless
161,2017-12-21 10:15:18.737,1.0,天秤座,Android,173.0,58.0,5.0,130.0,200.0,38,Good Morning
162,2017-12-21 10:15:20.564,1.0,天秤座,Android,173.0,58.0,5.0,130.0,200.0,38,Good Morning
163,2017-12-21 10:15:28.956,1.0,天蠍座,Android,171.0,44.0,4.0,100.0,300.0,2.41,I'm nice
164,2017-12-21 10:15:30.658,1.0,雙魚座,Android,172.0,53.0,3.0,100.0,100.0,5,handsome
165,2017-12-21 10:15:46.129,2.0,水瓶座,Apple,163.0,55.0,3.0,110.0,300.0,0,misaka mikoto
166,2017-12-21 10:15:55.249,1.0,雙魚座,Apple,179.0,73.0,4.0,101.0,400.0,15,Cool
167,2017-12-21 10:16:05.599,1.0,雙魚座,Android,180.0,80.0,4.0,101.0,803.0,0,Lazy
168,2017-12-21 10:16:14.371,2.0,水瓶座,Android,156.0,58.0,3.0,180.0,834.0,0.003,I don't know.
169,2017-12-21 10:18:32.036,1.0,獅子座,Android,176.0,65.0,5.0,180.0,400.0,0.5,The color of Happy is orange
170,2017-12-21 10:18:39.660,2.0,水瓶座,Apple,151.0,53.0,5.0,100.0,200.0,1,I’m happy.
171,2017-12-21 10:20:27.243,1.0,天秤座,Android,170.0,80.0,2.0,120.0,413.0,19.59,Handsome
172,2017-12-21 10:21:03.114,2.0,獅子座,Android,158.0,49.0,5.0,130.0,403.0,0,introvert
173,2017-12-21 10:30:35.109,1.0,獅子座,Apple,173.0,55.0,5.0,199.0,500.0,1.1,Happy
174,2017-12-21 10:33:25.637,1.0,天秤座,Android,167.0,67.0,2.0,130.0,300.0,3,Awesome
175,2017-12-21 10:33:26.677,1.0,天秤座,Android,167.0,67.0,2.0,130.0,300.0,3,Awesome
176,2017-12-21 10:35:24.024,1.0,摩羯座,Android,180.0,76.0,5.0,132.0,250.0,5,I'm a positive person.
177,2017-12-21 10:38:20.801,1.0,摩羯座,Android,181.0,72.0,4.0,128.0,157.0,1.2,Takami Chika <3
178,2017-12-21 19:11:15.978,1.0,水瓶座,Android,170.0,63.0,5.0,140.0,312.0,3,Cooool
179,2017-12-21 19:11:49.758,1.0,雙魚座,Android,176.0,82.0,1.0,180.0,1.0,100,Nerd
180,2017-12-21 19:11:53.650,1.0,雙子座,Android,178.0,90.0,5.0,100.0,666.0,0.1,happy gay
181,2017-12-21 19:11:55.510,1.0,巨蟹座,Android,175.0,75.0,1.0,130.0,495.0,0.8,fuck
182,2017-12-21 19:11:58.769,1.0,雙魚座,Android,171.0,59.0,3.0,131.0,1234.0,1,amazing
183,2017-12-21 19:12:01.300,1.0,金牛座,Android,165.0,56.0,5.0,143.0,300.0,0.2,who am i
184,2017-12-21 19:12:04.384,1.0,巨蟹座,Apple,30.0,87.0,5.0,200.0,1.0,0,Shit
185,2017-12-21 19:12:10.206,2.0,天秤座,Android,15.0,500.0,1.0,50.0,999999.0,0.001,unique and fat
186,2017-12-21 19:12:11.075,1.0,天蠍座,Android,168.0,100.0,3.0,87.0,300.0,1,Stupid
187,2017-12-21 19:12:14.567,1.0,天蠍座,Android,171.0,73.0,2.0,87.0,200.0,500,Amazing
188,2017-12-21 19:12:16.530,1.0,水瓶座,Android,666.0,66.0,3.0,94.87,689.0,15.6,I am so beautiful
189,2017-12-21 19:12:16.916,1.0,獅子座,Android,166.0,67.0,2.0,87.0,200.0,0.5,Hi
190,2017-12-21 19:12:18.374,1.0,牡羊座,Apple,171.0,70.0,4.0,180.0,480.0,0.87,I am a student.
191,2017-12-21 19:12:18.871,1.0,處女座,Android,210.0,78.0,2.0,100.0,3.0,60,Dope
192,2017-12-21 19:12:20.505,1.0,射手座,Android,180.0,80.0,4.0,100.0,150.0,20,Good
193,2017-12-21 19:12:22.328,1.0,獅子座,Android,171.0,56.0,3.0,100.0,200.0,2,Tired.
194,2017-12-21 19:12:22.730,2.0,天蠍座,Apple,147.0,40.0,1.0,168.0,1033.0,520,nice peng peng
195,2017-12-21 19:12:23.581,1.0,牡羊座,Android,87.0,87.0,3.0,87.0,9487.0,9487,nine four eight seven
196,2017-12-21 19:12:24.363,1.0,水瓶座,Apple,180.0,180.0,2.0,173.0,10000.0,88,Wise
197,2017-12-21 19:12:26.893,1.0,金牛座,Android,12.0,12.0,2.0,87.0,12.0,12,Re
198,2017-12-21 19:12:32.842,2.0,獅子座,Apple,165.0,165.0,5.0,155.0,165.0,165,May God blessing you
199,2017-12-21 19:12:32.915,2.0,雙子座,Android,167.0,52.0,3.0,120.0,1024.0,1.4,Lazy
200,2017-12-21 19:12:33.185,1.0,金牛座,Apple,176.0,76.0,4.0,100.0,10.0,10,Nice!
201,2017-12-21 19:12:37.993,1.0,摩羯座,Android,180.0,100.0,5.0,120.0,600.0,0,A man with wisdom.
202,2017-12-21 19:12:38.477,1.0,射手座,Windows Phone,-187.0,100.0,1.0,87.0,8787.0,0,Useless
203,2017-12-21 19:12:38.752,1.0,牡羊座,Android,0.0,0.0,1.0,50.0,0.0,0,0
204,2017-12-21 19:12:40.600,1.0,雙子座,Apple,168.0,62.0,2.0,120.0,900.0,0.3,Superior
205,2017-12-21 19:12:49.815,1.0,巨蟹座,Apple,163.0,51.0,2.0,126.0,1200.0,3,I am a nerd
206,2017-12-21 19:12:49.949,1.0,雙子座,Android,180.0,68.0,4.0,180.0,250.0,1,I love Metallica!
207,2017-12-21 19:12:50.501,1.0,巨蟹座,Apple,163.0,51.0,2.0,126.0,1200.0,3,I am a nerd
208,2017-12-21 19:12:55.420,1.0,水瓶座,Android,160.0,48.0,2.0,87.0,500.0,0.5,Quite
209,2017-12-21 19:13:09.966,1.0,獅子座,Android,188.0,76.0,1.0,185.0,400.0,1,I have to leave on 7:40
210,2017-12-21 19:13:13.776,2.0,金牛座,Apple,180.0,100.0,3.0,180.0,0.0,10,I am a fat guy
211,2017-12-21 19:13:15.794,2.0,天蠍座,Apple,170.0,60.0,4.0,87.0,87.0,87,Normal
212,2017-12-21 19:13:16.341,1.0,水瓶座,Apple,177.0,60.0,1.0,131.0,600.0,20,I’m handsome
213,2017-12-21 19:13:17.253,1.0,水瓶座,Apple,174.0,80.0,4.0,130.0,255.0,0.3,Creative
214,2017-12-21 19:13:18.096,1.0,水瓶座,Apple,174.0,80.0,4.0,130.0,255.0,0.3,Creative
215,2017-12-21 19:13:21.457,1.0,雙子座,Android,176.0,65.0,5.0,180.0,500.0,1,Specialist
216,2017-12-21 19:13:29.866,1.0,摩羯座,Android,173.0,72.0,5.0,140.0,1300.0,5,Jesus
217,2017-12-21 19:13:33.081,2.0,獅子座,Android,155.0,46.0,2.0,87.0,1250.0,8,Brilliant
218,2017-12-21 19:13:36.051,1.0,天蠍座,Apple,170.0,63.0,2.0,130.0,500.0,6,QQ
219,2017-12-21 19:13:42.033,2.0,巨蟹座,Android,159.0,45.0,4.0,147.0,398.0,3,Red
220,2017-12-21 19:13:47.931,1.0,射手座,Apple,180.0,60.0,5.0,199.0,999.0,999,Handsome
221,2017-12-21 19:13:50.404,1.0,天蠍座,Android,184.0,71.0,5.0,183.0,700.0,1,Googler
222,2017-12-21 19:13:53.298,1.0,水瓶座,Apple,175.0,70.0,4.0,50.0,5000.0,666,I’m sorry 
223,2017-12-21 19:13:54.980,1.0,雙魚座,Android,170.0,61.0,3.0,88.0,500.0,2,Shiny guy
224,2017-12-21 19:13:56.199,1.0,牡羊座,Android,-1000.0,-1000.0,1.0,200.0,-1000.0,-1000,哈哈哈笑你～～～
225,2017-12-21 19:14:04.846,1.0,水瓶座,Apple,180.0,62.0,2.0,100.0,600.0,0,I’m a smart person.
226,2017-12-21 19:14:12.069,1.0,射手座,Apple,182.0,76.0,4.0,199.0,1287.0,999,I’m an honest man
227,2017-12-21 19:14:19.004,1.0,獅子座,Apple,165.0,74.0,2.0,140.0,350.0,4,Hello world
228,2017-12-21 19:14:40.280,1.0,牡羊座,Apple,150.0,40.0,3.0,100.0,1500.0,10,Sexy AF
229,2017-12-21 19:14:46.736,1.0,巨蟹座,Apple,172.0,72.0,3.0,100.0,122.0,1,Not smart
230,2017-12-21 19:14:51.019,2.0,獅子座,Android,213.0,79.0,1.0,50.0,1111.0,999,I'm outlier
231,2017-12-21 19:14:53.359,2.0,巨蟹座,Android,168.0,58.0,3.0,87.0,255.0,1,I'm not sleepy. 
232,2017-12-21 19:14:55.037,1.0,金牛座,Apple,177.0,58.0,2.0,150.0,2355.0,100,gorgeous
233,2017-12-21 19:15:10.506,1.0,天蠍座,Android,170.0,68.0,5.0,161.0,1300.0,5,Supercold
234,2017-12-21 19:15:27.562,2.0,獅子座,Apple,150.0,44.0,5.0,160.0,700.0,125,Cool
235,2017-12-21 19:15:51.301,2.0,雙子座,Android,180.0,78.0,1.0,200.0,9999999.0,999,Haha
236,2017-12-21 19:15:51.592,2.0,雙子座,Android,180.0,78.0,1.0,200.0,9999999.0,999,Haha
237,2017-12-21 19:15:54.136,2.0,牡羊座,Android,161.0,53.0,4.0,200.0,200.0,1,I'm not eighty seven.
238,2017-12-21 19:16:00.771,1.0,天秤座,Android,176.0,58.0,4.0,50.0,666.0,0,Handsome
239,2017-12-21 19:16:26.168,1.0,水瓶座,Android,187.0,187.0,3.0,187.0,870.0,8.7,878787
240,2017-12-21 19:17:06.613,2.0,雙魚座,JohnCena,900.0,10.0,5.0,199.0,10.0,1,good
241,2017-12-21 19:18:11.877,1.0,巨蟹座,Apple,177.0,68.0,5.0,100.0,355.0,8,Handsome
242,2017-12-21 19:22:03.743,1.0,天蠍座,Android,-999999999999.0,-999999999999.0,1.0,50.0,-5999999.0,-9999999,beautiful
243,2017-12-21 19:22:51.652,1.0,牡羊座,Android,0.0,0.0,1.0,200.0,-2910.0,-999,cool
244,2017-12-21 21:32:26.648,1.0,天蠍座,Apple,170.0,66.0,3.0,130.0,300.0,10,With good analytical capability.
